Latitude,Longitude,Departement,Titre,Thematique,Forme,Dates,Semaine du,Horaire,Lieu,Organisateurs,Informations,Lien,Prix,Adresse,Code postal,Ville,,Site Traces
45.76775,4.8179639,Rhone,Soirée d’ouverture « PARTY EN EXIL »,20 ans du réseau Traces,"Rencontre, Danse, Performance, Concert",Mer 7 oct,Semaine du 05 octobre,18h,Les Subs,"LES SUBS en partenariat avec le réseau Traces, Res Publica, l'Atelier des artistes en exil, CMTRA",reseau.traces@gmail.com,www.les-subs.com,Gratuit sur réservation,8bis Quai Saint-Vincent,69001,Lyon,,
45.78429,4.8525119,Rhone,« Comme un parfum d’aventure »,,"Exposition, Visite commentée",Mer 7 oct au dim 3 janv,"Semaine du 05 octobre, Semaine du 12 octobre, Semaine du 19 octobre, Semaine du 26 octobre, Semaine du 02 novembre, Semaine du 09 novembre, Semaine du 16 novembre, Semaine du 23 novembre, Semaine du 30 novembre, Semaine du 07 décembre, Semaine du 14 décembre, Semaine du 21 décembre, Semaine du 28 décembre",Horaires du Musée,Musée d’art contemporain,Musée d’art contemporain de Lyon et le Musée des Beaux-arts de Lyon,Service des publics : 04 72 69 17 19 ,hwww.mac-lyon.com/fr,,81 quai Charles de Gaulle,69006,Lyon,,
45.7469504,4.8275673,Rhone,« ROCK AGAINST POLICE »,"Luttes, Quartiers populaires",Projection rencontre,Ven 9 oct,Semaine du 05 octobre,19h30,Périscope,le Périscope,periscope.communication@gmail.com,periscope-lyon.com,Gratuit,13 rue Delandine,69002,Lyon,,
45.758993,4.9257392,Rhone,Aux origines du peuple vaudais,Travail,"Visite, Exposition, Concert",Sam 10 oct,Semaine du 05 octobre,De 14h à 20h,Usine TASE,Vive la TASE !,06 84 35 28 71,www.ensemble-cusset-tase.com,Gratuit,11 Avenue Bataillon Carmagnole Liberté,69120,Vaulx-en-Velin,,
45.7618326,4.910877,Rhone,"Villeurbanne la cosmopolite, histoire des migrations",Hospitalité,Visite commentée,Dim 11 oct,Semaine du 05 octobre,14h,"Cimetière Nouveau de Cusset","Chantal Jane Buisson Historienne, guide culturelle et auteure",RDV devant l'entrée principale.,,Gratuit,192 rue Léon Blum,69100,Villeurbanne,,
45.775232,4.818003099999999,Rhone,« Migrations en Revues »,,"Forum des revues, Conférence, Table ronde, Autre",Mar 13 oct,Semaine du 12 octobre,De 17h à 22h,Villa Gillet,Villa Gillet et la revue Écarts d'Identité,,www.villagillet.net,Gratuit sur réservation,25 Rue Chazière,69004,Lyon,,
45.7451126,4.8478314,Rhone,« Les Pionniers Africains de Lyon »,Histoire coloniale,Projection,Jeu 15 oct,Semaine du 12 octobre,19h30,MJC Jean Macé,"Alexandre Bonche et la MJC Jean Macé, en partenariat avec Collectif Africa 50",,www.mjcjeanmace.com,Prix libre,38 rue Camille Roy,69007,Lyon,,
45.8163391,4.9024652,Rhone,"CARTE DE SÉJOUR et RACHID TAHA, de Rillieux-la-Pape au succès international !  - VENDREDI 16 OCTOBRE", ,"Concert, Exposition, Conférence, Table ronde",Ven 16 oct,Semaine du 12 octobre,18h,Au Studio CCNR,"Mairie de Rillieux-la-Pape, dans le cadre de Soif de République, en collaboration avec le réseau Traces et les acteurs culturels de la ville",,,"Entrée gratuite, réservation obligatoire",2 allée Colette,69140,Rillieux-la-Pape,,
45.8141458,4.9002173,Rhone,"CARTE DE SÉJOUR et RACHID TAHA, de Rillieux-la-Pape au succès international !  - SAMEDI 17 OCTOBRE",Expression artistique des personnes migrantes,"Concert, Exposition, Conférence, Table ronde",Sam 17 oct,Semaine du 12 octobre,18h,Espace 140,,,,"Entrée gratuite, réservation obligatoire",Rue d'Athènes,69140,Rillieux-la-Pape,,
45.8180012,4.9026743,Rhone,"CARTE DE SÉJOUR et RACHID TAHA, de Rillieux-la-Pape au succès international !  - DIMANCHE 18 OCTOBRE",Expression artistique des personnes migrantes,"Concert, Exposition, Conférence, Table ronde",Dim 18 oct,Semaine du 12 octobre,18h30,CinéRillieux,,,,5,81 bis Avenue de l'Europe,69140,Rillieux-la-Pape,,
45.7676905,4.8353706,Rhone,Le 17 octobre 1961,Histoire coloniale,"Projection, Conférence, Table ronde",Sam 17 oct,Semaine du 12 octobre,17h,Opéra Underground,l'Opéra Underground,contact@opera-underground.com,www.opera-underground.com,Gratuit dans la limite des places disponibles.,1 place de la Comédie,69001,Lyon,,
45.761685,4.8859622,Rhone,Trajectoires croisées,"Hospitalité",Théâtre,Sam 17 oct,Semaine du 12 octobre,18h30,La Balise 46 - MJC de Villeurbanne,LA Balise 46 - MJC de Villeurbanne & Centre social Cusset,"04 78 84 84 83 – contact@mjc-villeurbanne.org",www.mjc-villeurbanne.org,7 € - Réservation recommandée,46 Cours du Dr Jean Damidot,69100,Lyon,,
45.7677997,4.8875907,Rhone,"Chaaba, du Bled au bidonville","Habitat, Histoire coloniale",Projection,Sam 17 oct,Semaine du 12 octobre,15h,Centre culturel et de la vie associative (CCVA),,04 78 79 26 16,,,234 Cours Émile Zola,69100,Villeurbanne,,
45.770568,4.874349,Rhone,« Il Mio Corpo »,,"Projection, Débat",Lun 19 oct,Semaine du 19 octobre,20h30,Cinéma le Zola,le Cinéma Le Zola,evenements@lezola.com,www.lezola.com,"5,80 € / 6,80 €",117 cours Emile Zola,69100,Villeurbanne,,
45.7499519,4.8577064,Rhone,« Trait d’union »,"Interculturalité, Frontières",Exposition,Lun 19 au sam 31 oct,"Semaine du 19 octobre, Semaine du 26 octobre",De 9h à 12h ; de 14h30 à 19h (visites guidées sur réservation) ,Carrefour des Cultures Africaines,Carrefour des Cultures Africaines (C.C.A),04 78 58 45 70 – 07 68 41 25 64 – secretaire.cca@gmail.com,www.carrefourculturesafricaines.org,,150 Cours Gambetta,69007,Lyon,,
45.7499519,4.8577064,Rhone,La repentance coloniale ? Histoire d’un mouvement de revendications de réparations de dettes coloniales dans l’opinion publique française (1981- 2012),Histoire coloniale,"Conférence, Table ronde, Débat",Mer 21 oct,Semaine du 19 octobre,19h,Carrefour des Cultures Africaines,Carrefour des Cultures Africaines (C.C.A),04 78 58 45 70 – 07 68 41 25 64 – secretaire.cca@gmail.com,www.carrefourculturesafricaines.org,,150 Cours Gambetta,69007,Lyon,,
45.775232,4.818003099999999,Rhone,Chili « Les temps des humbles »,,"Conférence, Table ronde, Littérature, Poésie",Mer 21 oct,Semaine du 19 octobre,18h30,Villa Gillet,Nouveaux Espaces Latino-Américains,Direction3@espaces-latinos.org – Olga Barry 07 72 38 73 53 – Januario Espinosa : 06 15 56 34 60,www.espaces-latinos.org,Gratuit,25 rue Chazière,69004,Lyon,,
,,,Savoirs en mouvement,,Exposition et ateliers,Jeu 29 oct,Semaine du 26 octobre,De 14h30 à 17h30,Forum Réfugiés - Cosi,QIMEL et Forum Réugiés-Cosi,contact@qimel.com,www.qimel.com,"Entrée libre, sur réservation",,,,,
45.77842260000001,4.837246599999999,Rhone,Bienvenue au Collège sans frontières Maurice Scève,Expression artistique des personnes migrantes,"Projection documentaire, Concert",Ven 30 oct,Semaine du 26 octobre,20h,Collège Maurice Scève,Collectif soutien et habitants du collège Maurice Scève,severine.gedzelman@ouvaton.org,,Prix libre au bénéfice des jeunes du collège,rue Louis Thévenet,69001,Lyon,,
45.7598334,4.8837963,Rhone,"Mémoires d’immigrés, Yasmina Benguigui",20 ans du réseau Traces,Projection,Sam 31 oct,Semaine du 26 octobre,Dès 15h30,Le Rize,Le Rize et le réseau Traces,Accueil renseignements 04 37 57 17 17,lerize.villeurbanne.fr,"Entrée libre, sur réservation",23 Rue Valentin Hauy,69100,Villeurbanne,,
45.764043,4.835659,Rhone,Festival INTERFERENCES « Cinéma et Sciences »,,"Projection, Débat",Mer 4 au sam 14 nov,"Semaine du 02 novembre, Semaine du 09 novembre",,,SCÈNES PUBLIQUES,,www.lacitedoc.com/festival-interferences,,,,Lyon,,
45.8223148,4.910175199999999,Rhone,Djazia Satour & Yiazaal,Expression artistique des personnes migrantes,Concert,Jeu 5 nov,Semaine du 02 novembre,20h,Espace 140,Transmetteurs Rillieux-la-Pape,transmetteurs@rillieuxlapape.fr,www.transmetteurs.fr,10 € / 15 €,291 rue d’Athènes,69140,Rillieux-la-Pape,,
45.7598334,4.8837963,Rhone,INSTRUMENTS VOYAGEURS,Expression artistique des personnes migrantes,Exposition,Jeu 5 nov 2020 au 25 sept 2021,"Semaine du 02 novembre, Semaine du 09 novembre, Semaine du 16 novembre, Semaine du 23 novembre, Semaine du 30 novembre",,Le Rize,"Le Rize, le Centre des Musiques Traditionnelles Rhône Alpes et l’École Nationale de Musique de Villeurbanne",Accueil renseignements : 04 37 57 17 17,lerize.villeurbanne.fr,"Entrée libre, sur réservation",23 rue Valentin Hauy,69100,Villeurbanne,,
45.7465784,4.8266227,Rhone,Migrants catholiques dans une société plurielle,Expression artistique des personnes migrantes,"Conférence, Table ronde",Jeu 5 & ven 6 nov,Semaine du 02 novembre,De 9h à 17h30,Université Catholique de Lyon (Pôle Carnot),Université catholique de Lyon. Valérie Aubourg et Cécile Campergue.,,www.relimig.ucly.fr,Ouvert au public,10 Place des Archives,69002,Lyon,,
,,Rhone,« Les voix des personnes concernées. Échanges et réflexions pour contribuer à une société inclusive »,Santé mentale,Projection,Jeu 5 & Ven 6 nov,Semaine du 02 novembre,10h,Centre Hospitalier le Vinatier,le collectif « Tou∙te∙s concerné∙e∙s ! » et l’Orspere-Samdarra,orspere-samdarra@ch-le-vinatier.fr,www.ch-le-vinatier.fr/orspere-samdarra,,95 Boulevard Pinel,,Bron,,
,,Rhone,"Causons, des migrations",Langues,"Conférence, Table ronde",Ven 6 nov,Semaine du 02 novembre,,,Causons,lyon@causons.org,causons.org,Prix libre,13 bis rue Girié,69003,Lyon,,
45.759949,4.8312788,Rhone,Syndicalisation et luttes des femmes de ménage et agents d’entretien,"Travail, Luttes","Conférence, Table ronde, Atelier, Formation
",Sam 7 nov,Semaine du 02 novembre,15h,Théâtre de Célestins,Le Collectif X et l'Harmonie Communale,04 72 77 40 00,www.echosdelafabrique.net,Gratuit – sur réservation,4 rue Charles Dullin,69002,Lyon,,
45.75793160000001,4.825008899999999,Rhone,L’ALGERIE A CŒUR,Expression artistique des personnes migrantes,"Lecture, Théâtre",Sam 7 nov,Semaine du 02 novembre,Deux séances à 16h et 20h,"Maison des Passages","Passeurs de Mémoires, Coup de Soleil Auvergne Rhône-Alpes et la Maison des Passages",maisondespassages@orange.fr – 04 78 42 19 04,maisondespassages.org,12 € - réservation obligatoire,44 rue Saint-Georges,69005,Lyon,,
45.7555924,4.8456701,Rhone,« Corps en Grève »,"Travail, Luttes","Rencontre, Exposition","Mar 10 nov, (expo du 12 oct au 10 nov)","Semaine du 12 octobre, Semaine du 19 octobre, Semaine du 26 octobre, Semaine du 02 novembre, Semaine du 09 novembre",17h,Centre Social Bonnefoi,Centre Social Bonnefoi,culture@csbonnefoi.fr,www.csbonnefoi.fr,Gratuit,5 rue Bonnefoi,69003,Lyon,,
45.736846,4.8200677,Rhone,Frontières et migrations entre le Mexique et les USA,Frontières,"Conférence, Table ronde",Jeu 12 nov,Semaine du 09 novembre,18h30,École urbaine de Lyon,,ecole.urbaine@universite-lyon.fr,,Entrée libre sur réservation,71 Quai Perrache,69002,Lyon,,
45.7451126,4.8478314,Rhone,Restez chez vous ? Quid de la crise sanitaire dans les quartiers populaires ?,"Discriminations, Solidarités, Quartiers populaires","Conférence, Table ronde",Jeu 12 nov,Semaine du 09 novembre,18h,MJC Jean Macé,réseau Traces et la MJC Jean Macé,04 78 58 73 10 – culture@mjcjeanmace.fr,www.mjcjeanmace.com,Gratuit sur réservation,38 Rue Camille Roy,69007,Lyon,,
,,Rhone,« Vaulx-en-Velin : histoires et mémoires de luttes »,,"Films, Exposition, Débat",Les 13 et 14 nov,Semaine du 09 novembre,De 9h à 16h,Cinéma Les Amphis,"Canuts Solidarité, Cinéma Les amphis, L’Écho des cités",Téléphone : 04 78 79 17 29,https://vaulx-en-velin.net/sortir/culture/cinema-les-amphis/,,,,,,
45.7469504,4.8275673,Rhone,MAGHREB K7 CLUB,Expression artistique des personnes migrantes,"Conférence, Table ronde, Concert",Mar 17 nov,Semaine du 16 novembre,19h30,Périscope,"Le Périscope, le réseau Traces, Sofa Records, Bongo Joe, et le CMTRA.",periscope-lyon.com,periscope.communication@gmail.com,Gratuit,13 rue Delandine,69002,Lyon,,
45.761685,4.8859622,Rhone,"Amphi Z - On vit ici, on reste ici ! ",Habitat,"Projection, Débat",Mer 18 nov,Semaine du 16 novembre,19h30,LA Balise 46,"LA Balise 46, Tillandsia, la MJC de Villeurbanne",04 78 84 84 83 – contact@mjc-villeurbanne.org,tillandsia-video.com,Prix libre – réservation recommandée,46 Cours du Dr Jean Damidot,69100,Villeurbanne,,
,,,"Les oiseaux migrateurs, à la découverte de la notion de frontières",Frontières,"Conférence, Jeune public",Mer 18 nov,Semaine du 16 novembre,15h,Musée d’art contemporain,Musée d’art contemporain,publics@mac-lyon.com / 04 72 69 17 19,https://www.mac-lyon.com/fr,5 € enfants/ 6 € ou 9 € adultes,,,,,
,,,Histoire(s) de musulmans et de juifs du Maghreb,,"Projection, Débat",Jeu 19 nov,Semaine du 16 novembre,19h,Mairie du 1er,"Alberto Crespo, réalisateur - Claire Marynower, Laboratoire Pacte (Univ. Grenoble Alpes), Coup de Soleil Auvergne-Rhône-Alpes","claire.marynower@iepg.fr, coupdesoleilra@gmail.com",,Gratuit,,,,,
45.7640568,4.827593999999999,Rhone,Les foyers de travailleurs immigrés à l'épreuve du temps (et de la crise sanitaire) ,"20 ans du réseau Traces, Travail, Habitat","Conférence, Table ronde",Jeu 19 nov,Semaine du 16 novembre,19h,Musées Gadagne,le réseau Traces et le Musée Gadagne,04 78 42 03 61,www.gadagne.musees.lyon.fr,Gratuit,1 Place du Petit Collège,69005,Lyon,,
45.737232,4.8685595,Rhone,"Préserver l’hospitalité, Usages et appropriations des lieux d’accueil en métropole lyonnaise",Hospitalité,"Conférence, Table ronde",Ven 20 nov,Semaine du 16 novembre,14h30,Auditorium de la médiathèque du Bachut,LALCA - Laboratoire d’Architectes-Lutteurs Chercheurs-Artistes.,contact@lalca.org,www.lalca.org,Gratuit,2 place du 11 novembre 1918,69008,Lyon,,
45.779221,4.878559,Rhone,Être une ville accueillante pour les personnes exilées,Hospitalité,"Conférence, Table ronde",Ven 20 nov,Semaine du 16 novembre,18h,CCO Jean-Pierre Lachaize,"le réseau Traces, La Cimade/Festival Migrant’Scène, le CCO Jean-Pierre Lachaize",vieassociative@cco-villeurbanne.org,www.cco-villeurbanne.org/ville-accueillante-pour-les-personnes-exilees,Gratuit,39 rue Georges Courteline,69100,Villeurbanne,,
45.775232,4.818003099999999,Rhone,"MIGRATIONS, des frontières à l'hospitalité, questionner les mobilités et réinventer les imaginaires","Hospitalité, Frontières","Conférence, Table ronde",Sam 21 nov,Semaine du 16 novembre,De 15h à 19h (attention ça va bouger),Villa Gillet,"Villa Gillet, dans le cadre du festival MODE D'EMPLOI, réseau Traces et Migrant’Scène.",,www.villagillet.net,,25 Rue Chazière,69004,Lyon,,
45.5844895,4.7759863,Rhone,Frontières et espaces vécus,"Habitat, Frontières","Rencontre, Débat",Sam 21 nov,Semaine du 16 novembre,16h,Salle Rosa Parks,Stimultania - Pôle de photographie,matilde.brugni@stimultania.org,www.stimultania.org,Gratuit,parc de la Maison du Fleuve Rhône,69700,Givors,,
45.7315386,4.869616499999999,Rhone,Projets culturels : langue française et diversité linguistique,Langues,"Atelier, Formation",Lun 23 nov et jeu 3 déc,"Semaine du 23 novembre, Semaine du 30 novembre",,8e arrondissement,Les arTpenteurs et Filigrane,contact@les-artpenteurs.com / 04 78 35 33 86,www.les-artpenteurs.com,Gratuit – inscription obligatoire,,69008,Lyon,,
45.75793160000001,4.825008899999999,Rhone,Mémoires Croisées de la guerre d’Algérie,Histoire coloniale,"Exposition, Conférence, Table ronde",Mar 24 nov,Semaine du 23 novembre,19h,Maison des Passages,"Coup de Soleil Auvergne Rhône-Alpes, ONACVG",coupdesoleilra@gmail.com,www.coupdesoleil-rhonealpes.fr www.onac-vg.fr,Gratuit - réservation obligatoire,44 rue Saint Georges,69005,Lyon,,
45.7766796,4.8314674,Rhone,"A LUA PLATZ, de Jérémy Gravayat",Habitat,"Projection, Débat",Mer 25 nov,Semaine du 23 novembre,20h30,Aquarium Ciné-Café,L’Aquarium Ciné-Café et Toiles du Doc,aquarium.programmation@gmail.com,aquarium-cine-cafe.fr,5 € (réduit) / 7 € (plein),10 rue Dumont,69004,Lyon,,
45.7638961,4.8537452,Rhone,Médias et Migration: (quelles) représentations des personnes migrantes?,"Discriminations, Hospitallité","Conférence, Table ronde participative",Mer 25 nov,Semaine du 23 novembre,De 9h à 20h,Lyon Urban Data,IREX-EUROPE,cmartin@irexeurope.eu – vpalamarciuc@irexeurope.eu,www.speak-up-eu.com,Gratuit sur réservation,145 Cours Lafayette,69006,Lyon,,
45.7570783,4.835109399999999,Rhone,Terres Mères,"Expression artistique des personnes migrantes, Santé Mentale",Théâtre,Mer 25 nov,Semaine du 23 novembre,20h30,Théâtre des Marronniers,"Théâtre des Marronniers, Le Chantier Collectif",,www.Théâtre-des-marronniers.com,Gratuit,7 rue des Marronniers,69002,Lyon,,
45.7598334,4.8837963,Rhone,"Mi / parcours , la parole aux enfants","Hospitalité, Expression artistique des personnes migrantes","Théâtre, Jeune public",Jeu 26 nov,Semaine du 23 novembre,18h30,Le Rize,"Interquartier Mémoires et patrimoines, collectif d’habitants",Accueil renseignements : 04 37 57 17 17,lerize.villeurbanne.fr,Entrée libre sur réservation,23 Rue Valentin Hauy,69100,Villeurbanne,,
45.76775,4.8179639,Rhone,MINEN KOLOTIRI - sculpter le droit par le droit,"Expression artistique des personnes migrantes, Discriminations, Luttes","Danse, Performance, Création",Jeu 26 nov et ven 27 nov,Semaine du 23 novembre,20h,Les Subs,"SUBS, Lieu vivant d’expériences artistiques, Lyon, dans le cadre de l’appel à projet Geyser avec le Grütli, Genève. Mentorat artistique de Yan Duyvendak",04 78 39 10 02 – contact@les-subs.com,www.les-subs.com,5 € / 10 €,8bis Quai Saint-Vincent,69001,Lyon,,
45.6970715,4.8693538,Rhone,Elles nous racontent leurs Minguettes,Quartiers populaires,"Exposition, Projection",Ven 27 nov,Semaine du 23 novembre,"17h30 vernissage, 19h Projection",Cinéma Gérard Philippe,"Le Cinéma Gérard Philippe, Centre Associatif Boris Vian (CABV), GPV",04 78 70 19 78,,Gratuit – réservation conseillée,12 av. Jean-Cagne,69200,Venissieux,,
45.75793160000001,4.825008899999999,Rhone,Soirée syrienne avec Wejdan Nassif,"Expression artistique des personnes migrantes, Hospitalité, Santé Mentale",Rencontre,Ven 27 nov,Semaine du 23 novembre,19h30,Maison des Passages,"ALWANE, association de soutien aux enfants syriens",alwanelyon@gmail.com – 06 27 45 54 84,www.alwane.org,7 € / 10 €,44 rue Saint Georges,69005,Lyon,,
,,,Quel rôle des villes européennes dans l’accueil des populations migrantes ?,Hospitalité,Table ronde,Ven 27 nov,Semaine du 23 novembre,18h,,"Aisling Healy, Anouk Flamant et Aude-Claire Fourot","Aisling Healy, aisling.healy@univ-st-etienne.fr, Aude-Claire Fourot, afourot@sfu.ca, Anouk Flamant, anouk.flamant@inshea.fr",www.urbanisme-puca.gouv.fr/villes-et-reseaux-de-villes-face-a-la-question-a1219.html,Entrée libre (sur inscription),,,,,
45.780743,4.912227000000001,Rhone,Le café des langues,"Expression artistique des personnes migrantes, Langues",Théâtre participatif,Sam 28 nov,Semaine du 23 novembre,16h,Salle Polyvalente Municipale Victor JARA,Les arTpenteurs et le réseau de lecture publique de Vaulx-en-Velin,contact@les-artpenteurs.com – 04 78 35 33 86,www.les-artpenteurs.com,Gratuit – réservation conseillée,Rue Jean Lesire,69120,Vaulx-en-Velin,,
,,,Week end de Rencontres « La Manufacturette »,Hospitalité,Conférence,Sam 28 et dim 29 nov,Semaine du 23 novembre,,,association la Manufacturette,contact@la-manufacturette.org / 06 83 72 29 76,www.la-manufacturette.co,Gratuit,,,,,
45.6588703,4.5645669,Rhone,PAROLES D’EXIL,"Expression artistique des personnes migrantes, Interculturalité","Concert, Littérature, Poésie",Dim 29 nov,Semaine du 23 novembre,15h,Petite salle des fêtes,l’Association d’accueil COLAMIRE (Accueil Migrants Réfugiés Saint-Martin-en-Haut),colamire@yahoo.com,,Participation libre,Place du Plon,69850,Saint-Martin-en-Haut,,
45.7597312,4.8828626,Rhone,Les indépendances : 35 ans de décolonisations françaises (1943-1977),Histoire coloniale,Exposition,Lun 30 nov au lun 14 déc,"Semaine du 30 novembre, Semaine du 07 décembre, Semaine du 14 décembre",,"Théâtre National Populaire, dans le cadre de l’accueil du spectacle « Et le cœur fume encore » d’Alice carré et Margaux Ezkenazi","Théâtre National Populaire, dans le cadre de l’accueil du spectacle « Et le cœur fume encore » d’Alice carré et Margaux Ezkenazi",,,Gratuit,3 rue Valentin Haüy,69100,Villeurbanne,,
,,Rhone,"Guerre d’Algérie, comment raconter les mémoires ?",Histoire coloniale,"Conférence, Table ronde",Lun 30 nov,Semaine du 30 novembre,18h30,"Université Jean Moulin, Lyon 3 – La manufacture des tabacs",TNP,j.kahn@tnp-villeurbanne.com,www.tnp-villeurbanne.com,Gratuit,,,,,
45.7598334,4.8837963,Rhone,Vers une citoyenneté de résidence ?,Hospitalité,"Conférence, Table ronde, Atelier, Formation",Mar 1 déc,Semaine du 30 novembre,18h,Le Rize,CCO Jean-Pierre Lachaize et la Ville de Villeurbanne,"Nathalie TIBOLLA - CCO : vieassociative@cco-villeurbanne.org, Lison Leneveler : lison.leneveler@mairie-villeurbanne.fr",lerize.villeurbanne.fr,Gratuit sur réservation,23 Rue Valentin Haüy,69100,Villeurbanne,,
45.698783,4.8844034,Rhone,Poésie au delà des Frontière(s),,"Exposition, Danse, Performance",Mar 1 déc,Semaine du 30 novembre,19h,Espace Pandora,l'Espace Pandora,mediationculturelle@espacepandora.org,espacepandora.org,Gratuit,8 place de la Paix,69200,Vénissieux,,
45.7640568,4.827593999999999,Rhone,Les Pionniers Africains de Lyon ,Histoire coloniale,Projection,Jeu 3 déc,Semaine du 30 novembre,19h,Musées Gadagne,"APASHES, Africa 50 et le Musée Gadagne",,www.gadagne.musees.lyon.fr,Gratuit,1 Place du Petit Collège,69005,Lyon,,
45.7518566,4.841453599999999,Rhone,"Ne plus raser les murs, Tillandsia","Travail, Habitat, Luttes","Exposition, Rencontre",Sam 5 déc,Semaine du 30 novembre,18h,,Tillandsia,tillandsia.prod@gmail.com,www.tillandsia-video.com,Gratuit - adhésion gratuite au lieu,45 rue Bechevelin,69007,Lyon,,
45.7762216,4.8349595,Rhone,Chems,Expression artistique des personnes migrantes,Concert,Sam 5 et Dim 6 déc,Semaine du 30 novembre,20h,Agend’arts,Karakib et Agend’arts,09 51 62 58 77 – agendartshorslesmurs@free.fr,www.karakib.org/artistes/chems,8 € / 10 € (gratuit moins de 12 ans),4 rue de Belfort,69004,Lyon,,
,,Auvergne,Festival Saveurs Sans Frontières – 2ème édition,"Hospitalité, Interculturalité",Festival,Mer 7 oct au sam 24 oct,"Semaine du 05 octobre, Semaine du 12 octobre, Semaine du 19 octobre",,,l'Association A.N.I.S Etoilé,04 73 14 14 13 – contact@anisetoile.org,anisetoile.wixsite.com/saveursansfrontieres,,,,,,
45.7792104,3.0688017,Auvergne,"“Nous et les autres, des préjugés au racisme.”",Discriminations,"Exposition, Conférence, Table ronde",Mer 7 oct au sam 2 janv,"Semaine du 05 octobre, Semaine du 12 octobre, Semaine du 19 octobre, Semaine du 26 octobre, Semaine du 02 novembre, Semaine du 09 novembre, Semaine du 16 novembre, Semaine du 23 novembre, Semaine du 30 novembre, Semaine du 07 décembre, Semaine du 14 décembre, Semaine du 21 décembre, Semaine du 28 décembre",,"Musée de la Résistance, de l’Internement et de la Déportation","Musée de la Résistance, de l’Internement et de la Déportation de Clermont Auvergne Métropole",musee.resistance@clermontmetropole.eu,,3 € / 2 €,7 place Beaulieu,63400,Chamalières,,
45.77722199999999,3.087025,Auvergne,Quinzaine de l’intégration,Hospitalité,"Forum, Projection, Conférence, Table ronde, Visite",Ven 9 au ven 16 oct,"Semaine du 05 octobre, Semaine du 12 octobre",,,"La Mairie de Clermont-Ferrand, dans le cadre du Contrat Territorial d’Accueil et d’Intégration des Réfugiés, le Conseil de l’Europe, l’Université Clermont Auvergne",nfel@ville-clermont-ferrand.fr – ccharrade@ville-clermont-ferrand.fr – npiguet@ville-clermont-ferrand.fr,clermont-ferrand.fr,,,,Clermont-Ferrand,,
45.7770428,3.0892234,Auvergne,Histoire … de réfléchir,Discriminations,"Projection, Court-métrage",Mar 13 oct,Semaine du 12 octobre,De 18h à 20h,Centre de documentation la Jetée,"Musée de la Résistance, de l’Internement et de la Déportation de Clermont Auvergne Métropole",04 73 31 28 42 – musee.resistance@clermontmetropole.eu,"www.clermontmetropole.eu",Gratuit,6 Place Michel de l'Hospital,63058,Clermont-Ferrand,,
45.7795763,3.0975992,Auvergne,Exils et solidarité : regards croisés,,Exposition,Mer 14 au ven 16 oct,Semaine du 12 octobre,,Maison Charras,Mairie de Clermont-Ferrand,nfel@ville-clermont-ferrand.fr,,Gratuit,31 avenue Charras,63000,Clermont-Ferrand,,
46.2871189,2.742766,Auvergne,Chorale de l’Arc en Ciel International,Expression artistique des personnes migrantes,Concert,Sam 17 oct,Semaine du 12 octobre,20h,La Pléiade,Collectif Lilananda,Fabien Granier : 0777497088 – Diffusion@lilananda.fr,,Prix libre,Place de la Butte,63000,Commentry,,
,,Auvergne,Lancement de la plateforme MÉMOIRES de Saint-Jacques,Quartiers populaires,Site internet,Octobre 2020,"Semaine du 28 septembre, Semaine du 05 octobre, Semaine du 12 octobre, Semaine du 19 octobre, Semaine du 26 octobre, Semaine du 02 novembre, Semaine du 09 novembre, Semaine du 16 novembre, Semaine du 23 novembre, Semaine du 30 novembre",,AMTA,l'AMTA / Le Damier / Clermont Auvergne Métropole,,www.memoiresaintjacques.fr,,,,,,
45.7809377,3.0836013,Auvergne,“J’aimerais que tu restes”,Travail,"Projection, Débat",Dim 8 nov,Semaine du 02 novembre,17h30,Café-Lecture Les Augustes,Café-Lecture Les Augustes,animation.lesaugustes@gmail.com,cafelesaugustes.fr,Gratuit,5 rue sous les Augustins,63000,Clermont-Ferrand,,
45.7746413,3.0840718,Auvergne,« Protéger les enfants et leurs droits ,Droits de l’enfant,Exposition,Mar 17 nov au sam 5 déc,"Semaine du 16 novembre, Semaine du 23 novembre, Semaine du 30 novembre",Aux heures d’ouverture de la médiathèque,Médiathèque de Jaude,"Médiathèque de Jaude (Clermont Métropole, La Cimade)",bibliotheque.jaude@clermontmetropole.eu.,,Gratuit,9 place Aragon,63000,Clermont Ferrand,,
45.7746413,3.0840718,Auvergne,Cafés Français Langues Etrangères (FLE),Langues,"Atelier, Formation
",Sam 21 et 28 nov,"Semaine du 16 novembre, Semaine du 23 novembre",De 15h à 17h,Médiathèque de Jaude,"La Médiathèque de Jaude (Clermont Métropole), La Cimade",bibliotheque.jaude@clermontmetropole.eu,,,9 place Aragon,63000,Clermont Ferrand,,
45.643476,3.243412,Auvergne,Atlantique ,Frontières,"Projection, Débat",Lun 23 nov,Semaine du 23 novembre,20h30,Halle du jeu de Paume,Ciné Parc / CLéS / Les Amis de la Comté Républicaine,"Ciné Parc : 04 73 95 58 00, Ida Legagneur, CLéS : 07 50 85 45 30",www.cineparc.fr – www.cles-asso.fr,"5,50 € / 3,50 €",,,Vic-le-Comte,,
45.7746413,3.0840718,Auvergne,"Le vrai taboulé (vert) , par Jessy Khalid ","Expression artistique des personnes migrantes, Santé Mentale","Théâtre, Lecture",Jeu 26 nov,Semaine du 23 novembre,18h,Médiathèque de Jaude,Médiathèque de Jaude (Clermont Métropole),bibliotheque.jaude@clermontmetropole.eu,,Gratuit,9 place Aragon,63000,Clermont Ferrand,,
45.77722199999999,3.087025,Auvergne,"En Cours, de Marion Dagot",Travail,Projection documentaire,Ven 27 nov,Semaine du 23 novembre,18h,Université Clermont Auvergne,Médiathèque de Jaude (Clermont Auvergne Métropole),,www.lacimade.org – www.migrantscene.org - en-cours.uca.fr/Projection-documentaire-en-cours-184096.kjsp,Gratuit,,,Clermont Ferrand,,
45.643476,3.243412,Auvergne,Soirée théâtrale et poétique,Hospitalité,"Lecture, Théâtre, Concert",Ven 27 nov,Semaine du 23 novembre,20h30,Hall du jeu de Paume,Les Amis de la Comté Républicaine,"Paul-Henry VINCENT, Les Amis de la Comté républicaine : vincentpaul2@wanadoo.fr – compagniedeschamps@gmail.com",,8 € (à titre indicatif),,69270,Vic Le Comte,,
45.7746413,3.0840718,Auvergne,Famille et migration,Droits des enfants,"Conférence, Table ronde",Jeu 3 déc,Semaine du 30 novembre,18h,Médiathèque de Jaude,Médiathèque de Jaude (Clermont Auvergne Métropole),bibliotheque.jaude@clermontmetropole.eu,,Gratuit,9 place Aragon,63000,Clermont Ferrand,,
45.7746413,3.0840718,Auvergne,"Une heure avec Jean Roméo Kamptchouang, artiste plasticien",Expression artistique des personnes migrantes,Rencontre,Sam 5 déc,Semaine du 30 novembre,17h30,Médiathèque de Jaude,Médiathèque de Jaude (Clermont Auvergne Métropole),bibliotheque.jaude@clermontmetropole.eu,,Gratuit,9 place Aragon,63000,Clermont Ferrand,,
45.8035831,3.10877,Auvergne,Avec les mots des autres,Santé Mentale,"Projection, Débat",Mer 9 déc,Semaine du 07 décembre,20h,Cinéma le Rio,"RESF 63, le réseau Traces et le cinéma Le Rio dans le cadre du festival Migrant’scène.",,,"5,5 € / 7 €",178 Rue sous les Vignes,63100,Clermont Ferrand,,
,,Ain,Objets Communs,,,Mar 20 au sam 31 oct,"Semaine du 19 octobre, Semaine du 26 octobre",,,,,,,,,,,
46.2088525,5.2317518,Ain,Principe de Fraternité : Valeur Constitutionnelle,"Travail, Habitat, Solidarité, Hospitalité","Conférence, Table ronde, Exposition, Projection, Repas",Sam 24 oc,Semaine du 19 octobre,Dès 9h30,Maison de la Culture et de la Citoyenneté,Cent Pour Un Toit-01,centpouruntoit01@gmail.com,www.facebook.com/centpouruntoit01,Gratuit,4 allée des Brotteaux,01000,Bourg-en-Bresse,,
46.2212885,5.228354599999999,Ain,Forêt polyglotte & Concert Sous La Langue,Langues,"Concert, Exposition sonore",Mer 4 nov,Semaine du 02 novembre,"15h30 (Concert), de 14h à 17h30 (Exposition)",Centre Psychothérapique de l’Ain,"Centre Psychothérapique de l’Ain, Le Concert Sous La Langue",,www.souslalangue.com / www.ecomuseebresse.fr,Gratuit,Avenue de Marboz,01000,Bourg-en-Bresse,,
46.2037009,5.24355,Ain,Rencontre avec l'écrivaine Faiza Guène,Expression artistique des personnes migrantes,Discussion,Ven 6 Nov,Semaine du 02 novembre,14h,Centre Social Amédée Mercier,Association JEMNA MIX ATTITUDES en partenariat avec la Sauvegarde,"04 74 52 10 02, Madame Nour Allouache : 06 14 68 70 54, Mourad Ameriou : 06 12 51 14 77",,Gratuit,57 Avenue Amedée Mercier,01000,Bourg-en-Bresse,,
,,Ain,Les migrations pour vivre ensemble ,"Hospitalité, Travail",Exposition,Sam 7 et dim 8 nov,Semaine du 02 novembre,De 14h à 19h,Salle communale,Association Comm’Une Sereine (Sainte-Croix).,Comm’Une Sereine : 06 59 06 63 57 – communesereine@gmail.com,www.commune-sereine.fr,Gratuit,,,,,
45.99679870000001,5.0285812,Ain,L’art pour comprendre le Monde ,"Expression artistique des personnes migrantes, Interculturalité","Exposition, Repas, Echanges",Jeu 12 nov,Semaine du 09 novembre,De 17h à 20h,Centre Huda de ADSEA01,"HUDA ADSEA01 Carole Bouteille Van Den Besselaer, directrice",carole.bouteille@sauvegarde01.fr,,,80 chemin des Oures,01330,Villar les Dombes,,
46.20516749999999,5.2255007,Ain,[Im]migrations en héritage,"Interculturalité, Mémoires","Projection, Exposition",Mar 24 nov,Semaine du 23 novembre,18h30,Centre Culturel Aragon,"la Ville d’Oyonnax, le Centre social Est, le Réseau d’Education Prioritaire d’Oyonnax, L’ADSEA, Hors cadre image et Traces. Soutenu par le FAMI, La DILCRAH, Le CONTRAT DE VILLE d’Oyonnax",samia.abbou@alfa3a.org Tel : 06 10 21 27 36,,Gratuit,,,Bourg-en-Bresse,,
46.2088525,5.2317518,Ain,"Demain est si loin, de Muriel Cravatte","Délit de Solidarité, Hospitalité","Projection, Rencontre",Mar 24 nov,Semaine du 23 novembre,20h,Maison de la Culture et de la Citoyenneté,,la MJC Bourg-en-Bresse,,Gratuit,4 allée des Brotteaux,01000,Bourg-en-Bresse,,
45.450626,4.3859432,Loire,20 ans du réseau Traces,20 ans du réseau Traces,"Emission radio, Autre",Jeu 15 oct,Semaine du 12 octobre,De 15h à 17h,Amicale Laïque de Beaubrun,"Radio Ondaine, Radio Dio, Amicale Laïque de Beaubrun et le Réseau Traces",,"A écouter sur Radio Dio 89.5 fm ou www.radio-dio.org , Radio Ondaine 90.9 fm et www.radio-ondaine.fr.",Gratuit,,42000,Saint-Etienne,,
45.4744661,4.5117688,Loire,"« Crise du Covid, le monde d’après… »",,"Conférence, Table ronde",Ven 16 oct,Semaine du 12 octobre,19h30,MJC de Saint-Chamond,"Le Grain, Nouvel Espace Culturel et Citoyen / MJC de Saint-Chamond",,https://mjcstchamond.fr/plaquette-necc-2019-2020/,,2 avenue de la Libération,42400,Saint-Chamond,,
45.4333477,4.3801312,Loire,Salon du livre : Littérature & migrations ,Expression artistique des personnes migrantes,"Rencontre littéraire, Littérature",Sam 17 oct,Semaine du 12 octobre,De 14h à 19h suivi d’une soirée festive,Amicale Laïque de Beaubrun,Amicale Laïque de Beaubrun et le réseau Traces,Nadim Ghodbane 0610847940,,Gratuit,14 Rue Claude Deverchère,42000,Saint-Etienne,,
45.43672249999999,4.386477,Loire,Migrants au gré des flots #1,,"Exposition, Rencontre",Jeu 22 oct,Semaine du 19 octobre,Vernissage : Jeu 22 oct à 18h,"Exposition, Conférence / Table ronde",Association Les Moyens du Bord,04 77 37 28 27 - lesmoyensdubord42@gmail.com,lmdb42.wordpress.com,Gratuit,38 rue de la Résistance,42000,Saint-Etienne,,
,,Loire,Plaques de rue ,,"Animation de rues, Autre",Ven 23 oct,Semaine du 19 octobre,Entre 12h et 14h,Centre ville,La Cimade / Festival Migrant'Scène, Marion Peyre : 0633874945  / Tel : 04.27.10.21.84 / saint-etienne@lacimade.org,www.migrantscene.org,,,,,,
,,,"Mémoires de guerres, Mémoires de travail ","Histoire coloniale, Travail","Projection, Débat",Ven 23 oct,Semaine du 19 octobre,20h,MJC Saint-Chamond,"Le Grain, Nouvel Espace Culturel et Citoyen / MJC de Saint-Chamond",,mjcstchamond.fr/plaquette-necc-2019-2020,,,,,,
45.4280813,4.3840116,Loire,Faut-il déboulonner les statues ?,Histoire coloniale,"Conférence, Table ronde",Sam 24 oct,Semaine du 19 octobre,19h,Amicale laïque de Tardy,"l’Amicale laïque de Tardy, le réseau Traces et l’association le Grain (Groupe de Réflexion et d’Actions Interculturelles)",04 77 32 47 51,,Prix libre,86 Rue Vaillant Couturier,42000,Saint-Etienne,,
45.4374122,4.4363722,Loire,Balade intime au cœur des Terres Noires,Quartiers populaires,Visite commentée,Sam 24 oct,Semaine du 19 octobre,15h,Quartier de Terrenoire,Centre socioculturel Arlequin,04 77 95 68 30,arlequin.centres-sociaux.fr,Gratuit,21 Rue du Dr Louis Destre,42000,Saint-Etienne,,
45.7220358,4.0084984,Loire,"L’hospitalité défiée par les migrations, artistes et citoyens aux frontières du droit.","Expression des personnes migrantes, Hospitalité, Droit",Rencontres publiques et radiophoniques,Ven 30 oct et sam 31 oct,Semaine du 26 octobre,,Château de Goutelas,"le Château de Goutelas, Bureau des dépositions, le PEROU, Radio DIO, 171 canons, Webradio r22 Tout-monde, Selam ! et les SUBS (Lieu vivant d’expériences artistiques, Lyon)",centreculturel@chateaudegoutelas.fr – 04 77 97 35 43,www.chateaudegoutelas.fr,"Rencontres gratuites, spectacle 7 € - sur réservation",Château de Goutelas,42130,Marcoux,,
45.4380805,4.3912074,Loire,Corps en Grève ,"Travail, Luttes","Exposition, Rencontre","Ven 13 nov, (Expo : mar 3 au mer 18 nov)","Semaine du 02 novembre, Semaine du 09 novembre, Semaine du 16 novembre",Ven 13 nov à 19h : rencontre avec les autrices,Librairie Lune et L’autre,,lune-et-l-autre@hotmail.fr,https://fr-fr.facebook.com/lune.l.autre/,Gratuit,19 rue du Pierre Bérard,42000, Saint-Etienne,,
45.43672249999999,4.386477,Loire,"Des Réfugiés, Artistes ??!",Expression artistique des personnes migrantes,Rencontre,Lun 9 oct,Semaine du 09 novembre,17h,Les Moyens du Bord,l’Association LES MOYENS DU BORD,lesmoyensdubord42@gmail.com - 04 77 37 28 27,lmdb42.wordpress.com,Gratuit,38 rue de la Résistance,42000, Saint-Etienne,,
45.4344433,4.3941734,Loire,"Née un 17 Octobre, Rachid Benzine",Histoire coloniale,Théâtre,Lun 9 oct,Semaine du 09 novembre,20h,Salle Jeanne d’Arc,Agasef – dans le cadre de l’action « Comprendre pour mieux agir »,comprendrepourmieuxagir@gmail,,Gratuit sur réservation,Rue Jean Claude Tissot,42000, Saint-Etienne,,
45.43672249999999,4.386477,Loire,Migrants au gré des flots #2,Expression artistique des personnes migrantes,"Lecture publique, Débat",Jeu 12 nov,Semaine du 09 novembre,17h,Les Moyens du Bord,,lesmoyensdubord42@gmail.com - 04 77 37 28 27,lmdb42.wordpress.com,,38 rue de la Résistance,42000, Saint-Etienne,,
45.4364149,4.3904458,Loire,Scopitone Party & Juke-Box,"Expression artistique des personnes migrantes, Quartiers populaires","Projection, Concert, Juke-Box, Autre",Ven 13 nov,Semaine du 09 novembre,20h,La Friterie,"La friterie (Famille Belala), Anaïs Amrani-Hammour, Le Grain et le réseau Traces.","La friterie (Famille Belala), Anaïs Amrani-Hammour, Le Grain et le réseau Traces.",,Prix libre,9 rue Georges Dupré,42000, Saint-Etienne,,
45.4744661,4.5117688,Loire,Exil et Hospitalité,"Habitat, Hospitalité","Conférence, Table ronde",Ven 13 nov,Semaine du 09 novembre,20h,MJC de Saint-Chamond,,quitterie@asmlsyria.com - chcaps69@gmail.com - act-for-ref@outlook.fr,,Gratuit,2 avenue de la Libération,42400,Saint-Chamond,,
45.4392007,4.4013634,Loire,WEEK-END IMAGES MIGRANTES Saint-Etienne,,"Projection, Débat",Sam 14 et dim 15 nov,Semaine du 09 novembre,"Sam à partir de 11h, Dim à partir de 14h",,"dans le cadre du Festival MIGRANT’SCÈNE par LE MÉLIÈS, le réseau Traces, La Cimade, Radio DIO, en partenariat avec de nombreux acteurs stéphanois",,www.lemelies.com,Tarifs habituels du Méliès,8 Rue de la Valse,42100, Saint-Etienne,,
45.4318596,4.390601,Loire,"Mémoires de guerres, Mémoires de soldats oubliés ",Histoire coloniale,"Projection, Débat",Jeu 19 nov,Semaine du 16 novembre,20h30,Café-lecture Le Remue-Méninges,Le Remue-Méninges et l’association Le Grain,contact@remue-meninges.com - 04 77 37 87 50,www.remue-meninges.com,Gratuit,43 rue Michelet,42000, Saint-Etienne,,
45.43672249999999,4.386477,Loire,"Voix-es de femmes, hier et aujourd’hui",Quartiers populaires,"Rencontre littéraire, Littérature",Ven 20 nov,Semaine du 16 novembre,14h,Les Moyens du Bord,l’Association Les Moyens du Bord,04 77 37 28 27 - lesmoyensdubord42@gmail.com,lmdb42.wordpress.com,Gratuit,38 rue de la Résistance,42000, Saint-Etienne,,
45.4213791,4.0643095,Loire,"Demain est si loin, Muriel Cravatte",Hospitalité,"Projection, Rencontre",Lun 23 nov,Semaine du 23 novembre,20h,Cinéma Cin’étoile,l’équipe du Cinéma Cin’étoile,elisefayolle@loireforez.fr ,www.cines-haut-forez.fr,5,1 route d’Augel,42380,St Bonnet le Château,,
45.43522970000001,4.381635699999999,Loire,"Des années immigrées, aux années banlieues - 30 ans de luttes pour l'égalité","Quartiers populaires, Luttes","Exposition, Projection",Mer 25 nov,Semaine du 23 novembre,À partir de 18h,Le Babet Centre social,"Le Babet – Centre social, L’Écho des cités, Association Mémoire en Images et Sons (Nîmes), le Grain.",04 77 33 33 92 - secretariat@lebabet.fr,www.le-babet.fr,Gratuit,10 rue Félix Piat,42000, Saint-Etienne,,
45.43522970000001,4.381635699999999,Loire,"Actualités de l’antiracisme en France : entre invisibilisations, dénis et mobilisations.","Discriminations, Luttes","Conférence, Table ronde",Ven 27 nov,Semaine du 23 novembre,18h,Le Babet Centre social,"Le Babet – Centre social, L’Écho des cités, Association Mémoire en Images et Sons (Nîmes), le Grain.",04 77 33 33 92 - secretariat@lebabet.fr,www.le-babet.fr,Gratuit,10 rue Félix Piat,42000, Saint-Etienne,,
45.4280813,4.3840116,Loire,Les damnées de la mer ,Femmes en migration,"Rencontre littéraire, Littérature",Ven 27 nov,Semaine du 23 novembre,19h,Amicale laïque de Tardy,"SOS Méditerranée, antenne de Saint-Etienne",stetienne@sosmediterranee.org,,"Prix libre, aux bénéfices de SOS Méditerranée",86 rue Vaillant Couturier,42000, Saint-Etienne,,
45.4213791,4.0643095,Loire,"Il mio corpo, de Michele Pennetta",,"Projection, Rencontre",Lun 30 nov,Semaine du 30 novembre,20h,Cinéma Cin’étoile,Cinéma Cin’étoile,elisefayolle@loireforez.fr,www.cines-haut-forez.fr,5,1 route d’Augel,42380,St Bonnet le Château,,
44.895927,4.646171,Drôme / Ardèche,Rencontres sans frontières,Expression artistique des personnes migrantes,"Festival multiculturel, Autre","Sam 10, dim 11 et sam 17 et dim 18 oct","Semaine du 05 octobre, Semaine du 12 octobre",,Salle du Lac,"L'Embarqu'café, café associatif","embarqucafe@gmail.com, yasmina.abiles@orange.fr  –04 75 58 28 34",embarqucafe.wordpress.com,"Concerts : 10 € / 5 €, gratuité -15 ans, Projections : 5 € / 3 € - 14 ans",,07240,Vernoux en Vivarais,,
44.9315125,4.8936753,Drôme / Ardèche,"1973, l’année marquante","Travail, Luttes","Rencontre, Débat",Mer 21 oct,Semaine du 19 octobre,18h30,Le CPA,Le CPA (Valence),contact@le-cpa.com – 04 75 80 13 00,www.le-cpa.com,Gratuit,14 rue Louis Gallet,26000,Valence,,
44.755343,5.367751999999999,Drôme / Ardèche,Festival F(r)iction de réel,Frontières,"Théâtre, Exposition, Rencontre",Sam 7 nov,Semaine du 02 novembre,,Théâtre de Die,"Théâtre de Die, en partenariat avec Le Cpa (Valence)",,,A partir de 14 ans : 5 €,Rue Kateb Yacine,26150,Die,,
44.9315125,4.8936753,Drôme / Ardèche,Les petites Arménies de la vallée du Rhône,"Habitat, Travail, Identité","Rencontre dédicace, Littérature, Poésie",Dim 8 nov,Semaine du 02 novembre,15h,Le CPA,Le CPA (Valence),contact@le-cpa.com – 04 75 80 13 00,,Gratuit,14 rue louis Gallet,26000,Valence,,
,,Drôme / Ardèche,Regards croisés sur l’immigration italienne en Drôme Ardèche,Mémoire,"Exposition itinérante, Projection",Dim 15 nov au mer 9 déc,"Semaine du 09 novembre, Semaine du 16 novembre, Semaine du 23 novembre, Semaine du 30 novembre",,Villes de Cruas et Le Teil,"Assofital, Festival du Cinéma Italien de Montélimar Le Teil Cruas",Alexandre Covelli : assofital@gmail.com,,Gratuit,,,,,
45.2536078,4.6698726,Drôme / Ardèche,Le café des langues,"Langues, Expression artistique des personnes migrantes","Théâtre, Littérature, Poésie",Sam 21 nov,Semaine du 16 novembre,17h,Annexe du gymnase du Zodiaque,Les arTpenteurs et ASTI-Annonay,contact@les-artpenteurs.com – 04 78 35 33 86,,Gratuit – réservation conseillée,Avenue Jean Moulin,07100,Annonay,,
44.7154388,5.0543684,Drôme / Ardèche,Réfugiés : un marché sous influence ,"Habitat, Frontières","Projection, Repas partagé",Dim 22 nov,Semaine du 16 novembre,18h,MJC-Centre social Nini Chaize,"MJC-Centre social Nini Chaize, la Cimade dans le cadre Migrant’Scène",04 75 25 14 20,,Prix libre et conscient,6 rue Gustave Gresse,26400,Aouste sur Sye,,
44.9315125,4.8936753,Drôme / Ardèche,Frontières. Observer les marges pour questionner le monde,"Frontières, Habitat, Travail",Exposition,Mer 2 au dim 20 déc,"Semaine du 30 novembre, Semaine du 07 décembre, Semaine du 14 décembre","De 10h à 13h et de 14h à 18h (mar au ven), de 14h à 18h (sam à dim)",Le CPA,Le CPA (Valence),contact@le-cpa.com – 04 75 80 13 00,,Gratuit,14 rue Louis Gallet,26000,Valence,,
44.9315125,4.8936753,Drôme / Ardèche,"C’est encore loin, la frontière ?","Frontières, Hospitalité","Journée d’étude, Conférence, Table ronde",Ven 4 déc,Semaine du 30 novembre,De 10h à 17h30,Le CPA,Le CPA (Valence),contact@le-cpa.com – 04 75 80 13 00,,Gratuit,14 rue Louis Gallet,26000,Valence,,
44.9327159,4.8951791,Drôme / Ardèche,"La frontière, le voyageur et le migrant : quelques leçons à tirer de la pandémie. Avec François Héran sociologue et démographe.","Frontières, Hospitalité, Crise Sanitaire","Conférence, Table ronde",Ven 4 déc,Semaine du 30 novembre,18h30,Cinéma Le Navire,Le CPA (Valence),contact@le-cpa.com – 04 75 80 13 00,,Gratuit,9 Boulevard d'Alsace,26000,Valence,,
45.56669780000001,5.9302001,Savoie / Haute-Savoie,Migrant’scène Savoie,,Festival,Sam 7 nov au dim 6 déc,"Semaine du 02 novembre, Semaine du 09 novembre, Semaine du 16 novembre, Semaine du 23 novembre, Semaine du 30 novembre",,Chambéry & Savoie,"Le collectif Migrant’scène Chambéry réunit La Cimade, l’ADDCAES, Pays de Savoie Solidaires, le Secours Catholique et les Relations Internationales de la ville de Chambéry.",contact@addcaes.org - 04 79 72 43 49,,,311 Fbg Montmélian,73000,Chambéry,,
,,,Les Nuits de la Roulotte,,Festival,Sam 7 nov,Semaine du 02 novembre,À partir de 14h,MJC,La Cimade et Les Nuits de la Roulotte,"04 56 29 51 54, 06 50 61 81 37",lesnuitsdelaroulotte.com,6 € / 10 €,,,,,
45.6752845,6.388577,Savoie / Haute-Savoie,"Être d’ici, venir d’ailleurs",,"Film, Lecture poétique
",Mer 18 nov,Semaine du 16 novembre,20h,Le Garage de la librairie des Bauges,Le Garage,,www.librairiedesbauges.fr/le-garage/evenements/programmation,3,104 rue de la république,73200,Albertville,,
45.9172018,6.1346172,Savoie / Haute-Savoie,Souffles,Expression artistique des personnes migrantes,"Projection, Littérature, Poésie",Jeu 26 nov au ven 22 janv,"Semaine du 23 novembre, Semaine du 30 novembre",,Arteppes espace d’art contemporain,L’Arteppes espace d’art contemporain,rsarteppes@lemikado.org,www.lemikado.org,Gratuit,2 Place Annapurna,74000,Annecy,,
45.6765041,6.3913138,Savoie / Haute-Savoie,"Désobéir, Cie Les Cambrioleurs",Quartiers populaires,Exposition,Mar 1 déc,Semaine du 30 novembre,20h,Le Dôme théâtre,Le Dôme théâtre,04 79 10 44 80 - billetterie@dometheatre.com,www.dometheatre.com/desobeir.html,9 € / 25 €,135 place de l’Europe,73200,Albertville,,
45.1927768,5.727369899999999,Isère,"Sauver, protéger, témoigner : l’engagement citoyen de SOS méditerranée","Frontières, Hospitalité",Théâtre,Mer 7 au ven 23 oct,"Semaine du 05 octobre, Semaine du 12 octobre, Semaine du 19 octobre",,Maison de l’International,SOS MEDITERRANEE France,,www.sosmediterranee.fr,Gratuit,1 Rue Hector Berlioz,38000,Grenoble,,
45.1938645,5.7327524,Isère,Grèce : de l’exil des Troyens au camp de réfugiés à Samos en 2020,Interculturalité,Exposition,Mer 7 au sam 31 oct,"Semaine du 05 octobre, Semaine du 12 octobre, Semaine du 19 octobre, Semaine du 26 octobre",De 9h à 13h et de 14h à 18h (lun au ven) / De 9h à 13h (mer),Association AMAL,AMAL,amal38@gmail.com,Amal38.fr,Prix libre,57 avenue Maréchal Randon,38000,Grenoble,,
45.1530815,5.3190691,Isère,"Horizon Légende, Pauline Guillerm",,Exposition,Sam 17 oct,Semaine du 12 octobre,18h30,Médiathèque de Saint-Marcellin,Médiathèque intercommunale de Saint Marcellin,04 76 38 02 91,www.bibliotheques.saintmarcellin-vercors-isere.fr,Gratuit,1 Boulevard du Champ de Mars,38160,Saint-Marcellin,,
45.1895552,5.7333045,Isère,Le Mois de la Photo,"Mémoires des migrations, Identités","Dégustation de vins et de mots, Lecture, Théâtre, Autre",Mer 28 oct au dim 22 nov,"Semaine du 26 octobre, Semaine du 02 novembre, Semaine du 09 novembre, Semaine du 16 novembre",De 13h à 19h (mer à dim),Ancien musée de peinture,La Maison de l’Image,yuliya.ruzhechka@maison-image.fr,www.maison-image.fr,Prix libre,9 Place de Verdun,38000,Grenoble,,
45.1867111,5.723572,Isère,"Picture, Madame, Picture, fragments d'identité",Expression artistique des personnes migrantes,Exposition,Mar 3 au sam 21 nov,"Semaine du 02 novembre, Semaine du 09 novembre, Semaine du 16 novembre",,Librairie Les Modernes,Librairie Les Modernes,Gaëlle Partouche : gpartouche@hotmail.fr – 06 18 99 59 20,www.lesmodernes.com,Gratuit,6 rue Lakanal,38000,Grenoble,,
45.1867111,5.723572,Isère,Librairie éphémère autour des Migrations,,Exposition,Mar 3 au sam 21 nov / et 5 déc,"Semaine du 02 novembre, Semaine du 09 novembre, Semaine du 16 novembre",,Librairie Les Modernes et la Salle Noire,Librairie Les Modernes,Gaëlle Partouche : gpartouche@hotmail.fr – 06 18 99 59 20,www.lesmodernes.com,Gratuit,6 rue Lakanal,38000,Grenoble,,
45.3100093,5.887561799999999,Isère,"Sonographies / Paysages traversés, De l’exil à la mobilité, la mutation des enjeux territoriaux",,Exposition d’ouvrages,Jeu 5 au sam 7 nov,Semaine du 02 novembre,De 14h à 18h,Plateau des Petites-Roches (St-Hilaire),,04 76 88 75 20 – emmanuelle.vin@parc-chartreuse.net,www.lesmilieux.com,Participation libre,23 chemin du pal de fer,38660,Plateau des Petites-Roche,,
45.3377778,5.8986111,Isère,Sonographies / Mémoires d’exil,Trajectoires d’exil – résonance entre récits d'exils anciens et contemporains.,"Exposition, Danse, Performance",Ven 6 nov,Semaine du 02 novembre,Dès 18h30,Café associatif « Truc »,Parc naturel régional de Chartreuse,emmanuelle.vin@parc-chartreuse.net – 04 76 88 75 20,truc-asso.jimdofree.com,Participation libre,70 rue des 22 martyrs,38660,Plateau des Petites-Roche,,
,,,Des papiers pour tous! Luttes de travailleurs immigrés en 1973,Luttes,"Rencontre littéraire, Dédicace",Ven 6 nov,Semaine du 02 novembre,18h30,Librairie Les Modernes,Librairie Les Modernes,Gaëlle Partouche gpartouche@hotmail.fr ou 06 18 99 59 20,https://www.lesmodernes.com/,Gratuit,,,,,
45.188581,5.737343999999999,Isère,"Debycratie, de Aboubakar Sow",Expression artistique des personnes migrantes,"Lecture, Repas",Mar 10 nov,Semaine du 09 novembre,19h30,Maison de la Nature et de l'Environnement de l'Isère,Survie Isère et Association Franco-Tchadienne « Goumoufok »,Nico (Survie) 07 81 33 10 95,survie.isere.free.fr,Gratuit,5 place Bir Hakeim,38000,Grenoble,,
45.1910934,5.7676032,Isère,LUTTES EN PARTAGE,"Habitat, Luttes","Projection, Débat",Jeu 12 nov,Semaine du 09 novembre,De 18h à 22h30,Espace Vie Etudiante,Réseau Université Sans Frontières 38,rusf38@gresille.org,fr-fr.facebook.com/RUSF38/ns.org,Gratuit dans la limite des places disponibles,701 avenue centrale,38400,Saint Martin d'Hères,,
45.1530815,5.3190691,Isère,Sur la route de l’exil,"Travail, Habitat, Hospitalité","Projection, Débat",Ven 13 nov,Semaine du 09 novembre,Dès 18h,Espace St-Laurent,Service action culturelle de Saint-Marcellin Vercors Isère Communauté intercommunal et le service culturel de la Ville de Saint-Marcellin,,www.bibliotheques.saintmarcellin-vercors-isere.fr,Gratuit,1 Boulevard du Champ de Mars,38160,Saint-Marcellin,,
45.1530815,5.3190691,Isère,Là où vont nos pères,,"Table ronde, Exposition, Conférence",Dim 15 nov,Semaine du 09 novembre,17h,Médiathèque intercommunale de Saint-Marcellin,Médiathèque intercommunale de Saint Marcellin,Réservation Diapason : 04 76 38 89 84,www.diapason-saint-marcellin.fr,Gratuit (réservation conseillée),1 Boulevard du Champ de Mars,38160,Saint-Marcellin,,
45.1641585,5.732971800000001,Isère,Le Voyage de Roméo ,Expression artistique des personnes migrantes,BD-Concert,Mer 18 nov,Semaine du 16 novembre,19h30,Espace 600,Festival international de Théâtre Action à Grenoble dans le cadre du festival Migrant'Scène,04 57 13 68 12 – communication.opheliatheatre@gmail.com,www.fita-rhonealpes.fr,13 € / 7 € / 4 €,97 Galerie de l’Arlequin,38100,Grenoble,,
,,Isère,Projection documentaires Migrant’Scène (1),"Solidarité, Frontières",Projection,Sam 21 nov,Semaine du 16 novembre,15h30,Bibliothèque Kateb Yacine,Festival Migrant’Scène,Facebook : Migrant’Scène Grenoble,www.migrantscene.org,Gratuit,,,,,
,,,Projection documentaires Migrant’Scène (2),"Solidarité, Frontières",Projection,Ven 27 nov,Semaine du 23 novembre,18h30,Bibliothèque des Eaux-Claires Mistral,Festival Migrant’Scène,Facebook : Migrant’Scène Grenoble,www.migrantscene.org,Gratuit,,,,,
,,,Projection documentaires Migrant’Scène (3),"Solidarité, Frontières",Projection,Mar 1er déc,Semaine du 30 novembre,20h,Ciné Club Salle Juliet Berto,Festival Migrant’Scène,Facebook : Migrant’Scène Grenoble,www.migrantscene.org,"4 € / 6,5 €",,,,,
45.1633848,5.7273782,Isère,Ma Nostalgie ,Expression artistique des personnes migrantes,Théâtre,Mar 24 nov,Semaine du 23 novembre,20h30,Théâtre Prémol,Festival international de Théâtre Action à Grenoble dans le cadre du festival Migrant'Scène,bureau.opheliatheatre@gmail.com – 04 57 13 68 12,www.fita-rhonealpes.fr,13 € / 7 € / 4 €,7 rue Henry Duhame,38100,Grenoble,,
,,,A-t-on le droit d'être en colère ?,Expression artistique des personnes migrantes,"Écoute radiophonique, Débat",Mer 25 nov,Semaine du 23 novembre,17h30,L’Escale,Service Jeunesse de Pont-de-Claix et Modus Operandi,serena@modop.org,https://audioblog.arteradio.com/blog/98862/a-plus-d-une-voix,Gratuit,,,,,
45.1653847,5.7322962,Isère,Histoire(s) de musulmans et de juifs du Maghreb,Quartiers populaires,"Projection, Débat",Jeu 26 nov,Semaine du 23 novembre,19h,La Cordée,"Jouda Bardi - Régie de Quartier Village Olympique-Villeneuve, Alberto Crespo – réalisateur, Alain Manac’h -Villeneuve Debout et Claire Marynower - Laboratoire Pacte, Université Grenoble Alpes","claire.marynower@iepg.fr, jbardi@regiegrenoble.org, alain.manach38@orange.fr",,Gratuit,47 Galerie de l'Arlequin,38100,Grenoble,,
45.1698724,5.7378664,Isère,"TARA JAN TRIO, Au cœur de l’intime… ",Expression artistique des personnes migrantes,Concert,Jeu 26 nov,Semaine du 23 novembre,19h,Centre œcuménique St Marc,Arménie Échange et Promotion,catherine.AEP@gmail.com – 06 78 11 28 19,,12 € (sur réservation par mail uniquement),6 av Malherbe,38100,Grenoble,,
,,Isère,"Ceux qui marchent encore – Des années immigrées, aux années banlieues, 30 ans de luttes pour l'égalité","Quartiers populaires, Luttes",Exposition,Sam 28 nov au sam 12 déc,"Semaine du 23 novembre, Semaine du 30 novembre",,,"Jouda Bardi, Régie de Quartier Village Olympique-Villeneuv","Jouda Bardi, Régie de quartier Vn VO : jbardi@regiegrenoble.org – 04 76 23 02 01, Pierre Didier Tché Tché Apéa, R.E.S.O Fertil : pierredidier.apea@gmail.com",,Gratuit,,,,,
45.063477,5.33937,Isère,Traversée,,Théâtre,Dim 29 nov,Semaine du 23 novembre,17h30,Salle des Fêtes,ACCR 5ème Saison et le Festival Textes en l’air,Spectacle tout public dès 10 ans - ACCR 5eme saison : 04 76 36 09 74 – lacinquiemesaisonaccr@gmail.com,lacinquiemesaison-accr.org,6 € / 9 €,Aux Priolées,38680,Pont en Royans,,
,,Isère,S’hab la ZUP - Histoires et mémoires de luttes des quartiers populaires,"Habitat, Quartiers populaires, Luttes","Projection, Débat",Mar 1 déc & Mer 2 déc,Semaine du 30 novembre,"Mar 19h, Mer 18h30 ",,"Jouda Bardi, Régie de Quartier Village Olympique-Villeneuve et Pierre Didier Tché-Tché Apéa, R.E.S.O Fertil","Jouda Bardi, Régie de quartier Vn VO : jbardi@regiegrenoble.org – 04 76 23 02 01 et Pierre Didier Tché Tché Apéa, R.E.S.O Fertil : pierredidier.apea@gmail.com",www.regiegrenoble.org,Gratuit,,,,,
45.1641585,5.732971800000001,Isère,Une fin d’année aux couleurs de la diversité culturelle sénégalaise,,"Conférence, Table ronde, Projection, Concert, Danse, Performance, Exposition",Ven 4 déc,Semaine du 30 novembre,,Espace 600,Association des Sénégalais de l’Isère,,senegal20-21.isere.fr,,97 Galerie de l’Arlequin,38100,Grenoble,,
45.1746636,5.5410895,Isère,Festival International du Projection de Montagne d'Autrans,"Frontières, Solidarité","Projection, Débat",Dim 6 déc,Semaine du 30 novembre,14h,Cinéma Le Clos,le FIFMA et le réseau Traces,info@festival-autrans.com,www.festival-autrans.com,"8 € / 6,50 €",50 Rue du Cinema ,38880 ,Autrans,,
45.1849362,5.7047173,Isère,SOIRÉE DE CLÔTURE DE LA BIENNALE TRACES,,"Rencontre, Théâtre, Conférence, Table ronde, Projection, Repas, Concert",Sam 5 déc,Semaine du 30 novembre,Dès 13h30,La Salle Noire,,,,Gratuit,19 rue des Arts et Métiers,,Grenoble,,
